Category,precision,recall,f1-score,support,accuracy
0,0.8038210624417521,0.9862778730703259,0.8857509627727856,1749.0,0.9177297097430209
1,0.9926448053938094,0.8849726775956284,0.9357215080167557,3660.0,0.9177297097430209
macro avg,0.8982329339177808,0.9356252753329771,0.9107362353947707,5409.0,0.9177297097430209
weighted avg,0.9315886533466384,0.9177297097430209,0.919563533597879,5409.0,0.9177297097430209
