Accuracy,Precision,Recall,F1-Score
0.9177297097430209,0.9315886533466384,0.9177297097430209,0.919563533597879
